{
  "SmolLM2-135M": {
    "vulkan": {
      "pp512": 3042.522714,
      "tg128": 178.428102,
      "params": 0.14
    },
    "cpu": {
      "pp512": 2390.713182,
      "tg128": 366.718227
    }
  },
  "Llama-3.2-1B": {
    "vulkan": {
      "pp512": 660.796464,
      "tg128": 72.778631,
      "params": 1.24
    },
    "cpu": {
      "pp512": 684.868052,
      "tg128": 68.094933
    }
  },
  "Qwen3.5-4B": {
    "vulkan": {
      "pp512": 160.110322,
      "tg128": 17.507849,
      "params": 3.5
    },
    "cpu": {
      "pp512": 196.395103,
      "tg128": 16.24076
    }
  },
  "Phi-4-mini": {
    "vulkan": {
      "pp512": 199.545406,
      "tg128": 23.270369,
      "params": 3.84
    },
    "cpu": {
      "pp512": 244.292136,
      "tg128": 22.833932
    }
  },
  "Mistral-7B": {
    "vulkan": {
      "pp512": 92.24761,
      "tg128": 13.377253,
      "params": 7.25
    },
    "cpu": {
      "pp512": 124.344393,
      "tg128": 13.309247
    }
  },
  "DeepSeek-R1-Distill-Qwen-7B": {
    "vulkan": {
      "pp512": 98.932517,
      "tg128": 13.139964,
      "params": 7.62
    },
    "cpu": {
      "pp512": 135.130944,
      "tg128": 13.118995
    }
  },
  "Meta-Llama-3.1-8B": {
    "vulkan": {
      "pp512": 90.576819,
      "tg128": 13.060566,
      "params": 8.03
    },
    "cpu": {
      "pp512": 125.985111,
      "tg128": 12.420945
    }
  },
  "Qwen2.5-7B": {
    "vulkan": {
      "pp512": 98.580088,
      "tg128": 13.171776,
      "params": 7.62
    },
    "cpu": {
      "pp512": 135.509531,
      "tg128": 13.244187
    }
  },
  "Qwen3.5-9B": {
    "vulkan": {
      "pp512": 88.20043,
      "tg128": 11.045417,
      "params": 8.95
    },
    "cpu": {
      "pp512": 122.381756,
      "tg128": 10.025247
    }
  },
  "Carnice-9B": {
    "vulkan": {
      "pp512": 93.620962,
      "tg128": 9.570427,
      "params": 8.95
    },
    "cpu": {
      "pp512": 105.400318,
      "tg128": 8.107389
    }
  }
}